Nama,Nama_Toko,Harga,banyak_terjual,Rating,Link,Komentar
Logitech M331 Silent Plus Mouse Wireless - Biru,BLISATU,Rp231.800,2 rb+,5,https://www.tokopedia.com/blisatu/logitech-m331-silent-plus-mouse-wireless-biru?extParam=whid%3D302990%26src%3Dshop&aff_unique_id=&channel=others&chain_key=,"Baru unboxing, semoga besok Senin pas dicoba dikantor bisa berfungsi dengan baik || Mouse berfungsi dengan baik. Mouse recommended. Sensifitas mousenya baik. Bagus untuk kerja sehari-hari. Terima kasih bonus earphone nya gan. Semoga sukses buat agan yang... || sumpah...bagus banget...enak banget mengang mouse yang silent klik..jadi nyaman aja kerjakan apapun di laptop. barang original pastinya dan pengiriman juga cepat. terima..."
LOGITECH WIRELESS MOUSE M185 ORIGINAL 100% / M185 - Abu-abu,BLISATU,Rp199.000,100+,5,https://www.tokopedia.com/blisatu/logitech-wireless-mouse-m185-original-100-m185-abu-abu?extParam=src%3Dshop%26whid%3D302990&aff_unique_id=&channel=others&chain_key=,"Product okee cuma usb yg colok ke laptop agak lebi besar, penjual ok || Berfungsi dengan baik. Mantappp..... || Mouse berfungsi dengan baik."
Logitech POP Mouse Wireless Emoji Mouse - Daydream,BLISATU,Rp410.500,13,5,https://www.tokopedia.com/blisatu/logitech-pop-mouse-wireless-emoji-mouse-daydream?extParam=src%3Dshop%26whid%3D302990&aff_unique_id=&channel=others&chain_key=,Alhamdulillah.... sdh terima - SUDAH dicoba - Lancar jaya‚Ä¶ Komunikasi dan respon cepet cuz cuz‚Ä¶ RECOMENDED SELLER DEH‚Ä¶ Sukses ya Gan‚Ä¶üëç || Mouse recommended. Sensitivitas mousenya baik. Bagus untuk kerja sehari-hari.üëçüèº || keren bangettt üíúüíìüòô
Logitech MX Anywhere 2 Wireless Mobile Mouse.,BLISATU,Rp1.399.000,18,4.9,https://www.tokopedia.com/blisatu/logitech-mx-anywhere-2-wireless-mobile-mouse?extParam=src%3Dshop%26whid%3D302990&aff_unique_id=&channel=others&chain_key=,"Box masih disegel (mantap). Tikus MX 2S Logitech ini tak terkalahkan ergonominya. Satu hal yang harus diperhatikan, ini mouse mungkin bisa terasa lebih berat dari mouse l... || Murah dan berkualitas. Pengiriman super cepat. || Produk sesuai deskripsi, packing ok, no question needed, recommended seller. Bravo!"
"Logitech M196 Mouse Wireless Bluetooth, Mouse Ringkas dan Portabel untuk Laptop, Tablet, dan Lainnya - Hitam",BLISATU,Rp166.500,9,5,https://www.tokopedia.com/blisatu/logitech-m196-mouse-wireless-bluetooth-mouse-ringkas-dan-portabel-untuk-laptop-tablet-dan-lainnya-hitam-2329e?extParam=whid%3D302990%26src%3Dshop&aff_unique_id=&channel=others&chain_key=,"Seller oke, pengiriman cepat, packing aman, barang diterima sesuai pesanan || Seller oke, pengiriman cepat, packing aman, barang diterima sesuai pesanan"
GAMEN GM100 2000 DPI Macro Ultralight Gaming Mouse 58 gram Black,BLISATU,Rp61.000,5,5,https://www.tokopedia.com/blisatu/gamen-gm100-2000-dpi-macro-ultralight-gaming-mouse-58-gram-black?extParam=src%3Dshop%26whid%3D302990&aff_unique_id=&channel=others&chain_key=,
Logitech M171 Wireless Mouse [ Garansi Resmi ] - Abu-abu,BLISATU,Rp156.700,250+,5,https://www.tokopedia.com/blisatu/logitech-m171-wireless-mouse-garansi-resmi-abu-abu?extParam=whid%3D302990%26src%3Dshop&aff_unique_id=&channel=others&chain_key=,"Barang sesuai pesanan dan berfungsi dengan baik. Terimakasih seller dan tokped. || barang diproses sangat cepat, plus dapet bonus || Seller responsif.. pengiriman cepat.. dpt bonus lagi.. thank you Ka, sukses terus ya toko nya"
Logitech M331 Silent Plus Mouse Wireless Red Garansi 1 Tahun - Biru,BLISATU,Rp231.800,500+,4.9,https://www.tokopedia.com/blisatu/logitech-m331-silent-plus-mouse-wireless-red-garansi-1-tahun-biru?extParam=src%3Dshop%26whid%3D302990&aff_unique_id=&channel=others&chain_key=,"Mouse recommended. Bagus untuk kerja sehari-hari. Mouse berfungsi dengan baik. Sensifitas mousenya baik.  BEST DAPET BONUS WOWW || packaging tebal jadi aman, barang sesuai dan pengiriman cepatüëçüëç || Pengiriman cepat, penjual responsif, barang original dan berfungsi dg baik.."
Logitech Mouse Kabel B100 GARANSI RESMI 1TAHUN,BLISATU,Rp53.900,10 rb+,4.9,https://www.tokopedia.com/blisatu/logitech-mouse-kabel-b100-garansi-resmi-1tahun?extParam=src%3Dshop%26whid%3D302990&aff_unique_id=&channel=others&chain_key=,"sesuai gambar prodak ori pe giriman cepat respon cepat || Response cepat, barang sesuai pesanan. berfungsi baik, recommended seller. Thanks. || sampe dgn cepat pagi transakasi besok siang sampe dn barang terbungkus rapih, mouse berfungsi dengan baik, udah malas pake mouse wireless boros batre padahaal merk logite..."
Logitech Signature M650 L Mouse Wireless Bluetooth Silent Full Size,BLISATU,Rp435.200,100+,4.9,https://www.tokopedia.com/blisatu/logitech-signature-m650-l-mouse-wireless-bluetooth-silent-full-size?extParam=src%3Dshop%26whid%3D302990&aff_unique_id=&channel=others&chain_key=,"Mantap, mouse buat kerja paling enak, shapenya juga enak || Barang ori dan sampe dengan aman dikasih bubble wrap cuman respon penjual bisa lebih ditingkatkan || Produk Sesuai, Kualitas Mantap, Pas Di Tangan.... Produk Sangat diRekomen... Cuma Bungkusan Sedikit Penyok Untung Barang Didalamnya Amn..."
Logitech MX Master 3s Wireless Bluetooth Mouse MX Master 3s - Pale Grey,BLISATU,Rp1.573.900,50+,4.8,https://www.tokopedia.com/blisatu/logitech-mx-master-3s-wireless-bluetooth-mouse-mx-master-3s-pale-grey?extParam=src%3Dshop%26whid%3D302990&aff_unique_id=&channel=others&chain_key=,"Barang sesuai deskripsi. Instalasi app sangat mudah. Sangat fit di tangan. dapat dengan mudah modifikasi gesture dan tombol2 yang ada di mouse melalui software || Pelayanan dari Seller sangat baik, ramah, dan cepat, dapat bonus mousepad yg besar dan bagus. Mx master 3s ini emang mouse terbaik dan yg paling enak dipakai untuk banyak... || seller ramah, packing baik, barang bagus, pengiriman cepat!"
Logitech MX Anywhere 3 Mouse Wireless Mouse Bluetooth - Rose,BLISATU,Rp939.000,100+,5,https://www.tokopedia.com/blisatu/logitech-mx-anywhere-3-mouse-wireless-mouse-bluetooth-rose?extParam=src%3Dshop%26whid%3D302990&aff_unique_id=&channel=others&chain_key=,"Sepertinya lebih pas di tangan yang Anywhere 2S. Yang ini lebih ringan. Jadi berasa gampang lepas. Secara kualitas sih gak berasa bedanya. Sama2 mantap Terima kasih mous... || Bismillahirohmanirohim assalamualaikum warrohmatullohi wa barokatu terima kasih untuk seller yang baik hati, perkenankan saya menyampaikan sedikit review sebagaimana say... || Gara2 ketinggalan di pesawat terpaksa harus beli baru buat ngerjain deadline. Sellernya sih gercep amat, jadi bisa lanjut kerja rodi deh. Padahal rencana mau ngeles dari..."
Mouse Wireless Logitech M331 Silent Plus (BLACK) garansi resmi - Biru,BLISATU,Rp299.000,1 rb+,4.9,https://www.tokopedia.com/blisatu/mouse-wireless-logitech-m331-silent-plus-black-garansi-resmi-biru?extParam=src%3Dshop%26whid%3D302990&aff_unique_id=&channel=others&chain_key=,"Alhamdulillah barang dah sampai dgn selamat, pengiriman fuma satu hari. thx seller, kurir dan tokopedia. kalian luar biasa || mouse Ori, komplit dgn Batery Alkaline. Seller Mantap.. Pengiriman Cepat, Komplit dan sesuai order.. Top dah || barang cepet sampainya..packing aman sampe tujuan. barang ori..cuman plastik belakang pecah kayak berlubang.ntah apa yg hilang atau memang itu plastik belakang kosong dib..."
Mouse Kabel Logitech M100r garansi resmi 1 tahun,BLISATU,Rp77.300,250+,5,https://www.tokopedia.com/blisatu/mouse-kabel-logitech-m100r-garansi-resmi-1-tahun?extParam=whid%3D302990%26src%3Dshop&aff_unique_id=&channel=others&chain_key=,"Packing sangat rapih, Produk original Dan harga lebih murah || Harga murah barang ori ok banget thx min sdh sampai üëç || barang sesuai deskripsiüëç, murahüëç, packing rapi amanüëçüëçüëç"
Logitech G102 RGB v2 Lightsync - G102LS G203 RGB Gaming Mouse - Hitam,BLISATU,Rp296.500,500+,4.9,https://www.tokopedia.com/blisatu/logitech-g102-rgb-v2-lightsync-g102ls-g203-rgb-gaming-mouse-hitam?extParam=src%3Dshop%26whid%3D302990&aff_unique_id=&channel=others&chain_key=,"produk original & berfungsi normal.. oke || brg bagus, pengiriman cepat hy sj packing tdk baik/tdk ada dus luar sehingga kondisi dus mouse penyok. || Barang bagus, ori, packingan rapih Recommended"
Logitech Pro X Superlight Wireless Gaming Mouse - Putih,BLISATU,Rp2.269.000,6 barang berhasil terjual,-,https://www.tokopedia.com/blisatu/logitech-pro-x-superlight-wireless-gaming-mouse-putih?extParam=src%3Dshop%26whid%3D302990&aff_unique_id=&channel=others&chain_key=,
Logitech M557 Bluetooth Mouse [ Garansi Resmi ],BLISATU,Rp529.000,30+,4.9,https://www.tokopedia.com/blisatu/logitech-m557-bluetooth-mouse-garansi-resmi?extParam=src%3Dshop%26whid%3D302990&aff_unique_id=&channel=others&chain_key=,"Pelayanan nya kurang memuaskan || proses cepat, pengiriman cepat, packing bagus meski hanya pakai bubble wrap tapi tebal gulungannya, dan produk bisa dipakai sesuai dgn peruntukannya. terima kasih || Barang sdh diterima dengan baik. Terima kasih"
Logitech M190 Full Size Wireless Mouse - Charcoal,BLISATU,Rp163.000,100+,4.9,https://www.tokopedia.com/blisatu/logitech-m190-full-size-wireless-mouse-charcoal?extParam=src%3Dshop%26whid%3D302990&aff_unique_id=&channel=others&chain_key=,"barang pasti ori. sdh dicoba dan berfungsi baik. pengiriman cepat || Digambar warna perpaduan hitam dan abu, yang datang full abu2.. tidak apa2 asal bukan kuning,merah,hijau atau biru hahahaaha.. || sudah sesuai berfungsi dengan baik"
Mouse Wireless VYATTA VWM-A1,BLISATU,Rp169.000,60+,4.6,https://www.tokopedia.com/blisatu/mouse-wireless-vyatta-vwm-a1?extParam=src%3Dshop%26whid%3D302990&aff_unique_id=&channel=others&chain_key=,"Mksh bosque... pesananan ane udh sampe udh di terima udh ditest fungsi normal mantappppp.. barang sesuai deskripsi packingnya aman rapih sellernya fast respon. trs komen... || expedisi sic*p*t kirim barang, barang di odel2 sdh buka sama expedisi || Mouse recommended Mouse berfungsi dengan baik Bagus untuk kerja sehari-hari Sensifitas mousenya baik"
Battle X-One Mouse Gaming 1600 Dpi,BLISATU,Rp22.000,19,5,https://www.tokopedia.com/blisatu/battle-x-one-mouse-gaming-1600-dpi?extParam=src%3Dshop%26whid%3D302990&aff_unique_id=&channel=others&chain_key=,"Ok, sedikit lebih berat di sebelah (gambar), klik ok, scroll ok, mudan2 bukan kaleng2, harga ok Nyaman dan praktis tinggal plug and play Ukuran mouse pas ditangan. Best v... || 1 kata buat BX1 mouse gaming 1.6k dpi- Recommended! Mungkin saat terlintas terlihat di design pada gambar tidak berwarna gray, namun kualitas membuktikan worth to buy; de... || keren murah tokonya fast respon.. langganan dah ntar beli lagi"
Logitech LIFT Mouse Ergonomic Vertical Wireless Bluetooth Silent-WHITE,BLISATU,Rp868.700,3 barang berhasil terjual,-,https://www.tokopedia.com/blisatu/logitech-lift-mouse-ergonomic-vertical-wireless-bluetooth-silent-white?extParam=src%3Dshop%26whid%3D302990&aff_unique_id=&channel=others&chain_key=,
ROBOT M312 2.4G Wireless Mouse Silent Key 1600DPI 500Hz,BLISATU,Rp79.000,27,5,https://www.tokopedia.com/blisatu/robot-m312-2-4g-wireless-mouse-silent-key-1600dpi-500hz?extParam=src%3Dshop%26whid%3D302990&aff_unique_id=&channel=others&chain_key=,"Penjual sangat ramah, packingnya super aman sih. Bubble wrapnya tebel banget. Mouse berfungsi dengan baik. Diprosesnya cepet. Order sekitar jam 11 siang, jam 3 sore bara... || Penjual sangat cepat respon dan prosesnya. Mouse berfungsi dengan baik Bagus untuk kerja sehari-hari. Sukses selalu || Wow...proses pengiriman cepat. Order kemaren siang..keesokan hari sudah sampai. Mouse di tesr sesuai deskripsi dan berfungsi baik Dapat bonus kabel charger vyatta lagi ma..."
Logitech G304 Lightspeed Wireless Gaming Mouse,BLISATU,Rp699.000,17,5,https://www.tokopedia.com/blisatu/logitech-g304-lightspeed-wireless-gaming-mouse?extParam=src%3Dshop%26whid%3D302990&aff_unique_id=&channel=others&chain_key=,Barang ori. Mantep
Logitech LIFT Mouse Ergonomic Vertical Wireless Bluetooth Silent-BLACK,BLISATU,Rp868.700,18,4.6,https://www.tokopedia.com/blisatu/logitech-lift-mouse-ergonomic-vertical-wireless-bluetooth-silent-black?extParam=src%3Dshop%26whid%3D302990&aff_unique_id=&channel=others&chain_key=,"respon seller & kurir Sicepat kirim cepat. Mouse vertikal enak di tangan gak bikin sakit di pergelangan ketika pakai berjam-jam. ada tombol yg bs diganti2 fungsinya s... || Buat yg urgent dan pakai kurir instant, saran saya JANGAN BELI DI TOKO INI. Mending selisih 10-20rb di toko sebelah tapi barang langsung dikirim. Saya sudah beli barang 2... || Mouse recommended Mouse berfungsi dengan baik Bagus untuk kerja sehari-hari Sensifitas mousenya baik"
Logitech MX Anywhere 3S Mouse Wireless Silent Bluetooth - Merah Muda,BLISATU,Rp1.040.300,9,5,https://www.tokopedia.com/blisatu/logitech-mx-anywhere-3s-mouse-wireless-silent-bluetooth-merah-muda-23fc6?extParam=src%3Dshop%26whid%3D302990&aff_unique_id=&channel=others&chain_key=,"Kliknya tidak berisik, kualitas terbaik, ringan dipakai"
LOGITECH G402 HYPERION FURY ULTRA-FAST FPS GAMING MOUSE,BLISATU,Rp729.000,11,5,https://www.tokopedia.com/blisatu/logitech-g402-hyperion-fury-ultra-fast-fps-gaming-mouse?extParam=src%3Dshop%26whid%3D302990&aff_unique_id=&channel=others&chain_key=,mantap barangnya...
Logitech G502 Proteus Hero High Performance Gaming Mouse,BLISATU,Rp689.000,8,5,https://www.tokopedia.com/blisatu/logitech-g502-proteus-hero-high-performance-gaming-mouse?extParam=src%3Dshop%26whid%3D302990&aff_unique_id=&channel=others&chain_key=,"g502 salah satu logitech G series paling laris. sebenarnya saya cuma ngincer gaming softwarenya aja bisa gonta ganti dpi dan shortcut setiap program/game. Produk Origina... || mouse nya mantap, pelayanan baik || Mantab, Gribnya enak ad karetnya jdi gk licin. trus ada lekukan dikin jadi gengamnya juga enak. kirimnya juga cpt klo buat saya"
Logitech M185 Wireless Mouse [ Garansi Resmi ] - Biru,BLISATU,Rp171.400,100+,4.9,https://www.tokopedia.com/blisatu/logitech-m185-wireless-mouse-garansi-resmi-biru?extParam=src%3Dshop%26whid%3D302990&aff_unique_id=&channel=others&chain_key=,"barang telah sampe dengan baik tapi pengiriman agak lama || Cepet sampai... Smoga awet || Barang bagus, bekerja normal."
ROBOT M310 Wireless 2.4 GHz Optical Mouse Garansi Resmi 1 Tahun,BLISATU,Rp80.000,1 barang berhasil terjual,-,https://www.tokopedia.com/blisatu/robot-m310-wireless-2-4-ghz-optical-mouse-garansi-resmi-1-tahun?extParam=src%3Dshop%26whid%3D302990&aff_unique_id=&channel=others&chain_key=,
Logitech G PRO Wireless Gaming Mouse,BLISATU,Rp1.272.000,5 barang berhasil terjual,-,https://www.tokopedia.com/blisatu/logitech-g-pro-wireless-gaming-mouse?extParam=src%3Dshop%26whid%3D302990&aff_unique_id=&channel=others&chain_key=,
Mouse Wireless Logitech M187 - Wireless Mini Mouse - Merah,BLISATU,Rp199.000,500+,4.9,https://www.tokopedia.com/blisatu/mouse-wireless-logitech-m187-wireless-mini-mouse-merah?extParam=src%3Dshop%26whid%3D302990&aff_unique_id=&channel=others&chain_key=,"packing aman, barang sesuai, pengiriman cepat || Makasih gan, barang tiba dg cepat dan selamat || Mouse recommended. Mouse berfungsi dengan baik. Sensifitas mousenya baik. Bagus untuk kerja sehari-hari. Very good"
Logitech G102 Lightsync Gaming Mouse - Hitam,BLISATU,Rp296.500,750+,4.9,https://www.tokopedia.com/blisatu/logitech-g102-lightsync-gaming-mouse-hitam?extParam=src%3Dshop%26whid%3D302990&aff_unique_id=&channel=others&chain_key=,"Barang berfungsi dengan baik, sesuai dengan apa yang dipesan. Build nya juga solid, ngga kerasa rapuh walaupun beratnya ringan. Yang disayangkan adalah kondisi box nya k... || BARANG ASLI, SENSOR SANGAT BAGUS BUAT GAME FPS, HARGA JUGA SANGAT BEUHHH GG GAMING BAMBANK, YANG CARI LOGITECH G102 LIGHTSYNC ASLI KE SINI AJA, BARANG 100% ORI, NGEFLICK... || Barang sampai dengan aman dan respon seller cepat üëç"
Logitech Pebble 2 M350s Mouse Wireless Bluetooth Slim Silent - Hitam,BLISATU,Rp310.500,60+,5,https://www.tokopedia.com/blisatu/logitech-pebble-2-m350s-mouse-wireless-bluetooth-slim-silent-hitam-0cede?extParam=whid%3D302990%26src%3Dshop&aff_unique_id=&channel=others&chain_key=,"Mouse enak, koneksi bluetooth bisa sampai 3 device. Recommended. Penjual responsif, pengiriman cepat. Recommended seller || Barang ORI. Koneksi bluetooth gak ada masalah. Ukuran mouse pas, enak di tangan. Pengiriman cepat. Recommended seller. Harga juga murah. Mantaps lah‚Ä¶ || Setelah dipakai kerja, kerasa kualitas & performanya optimal. Selain itu dia ringan & desainnya mewah üíªüñ±Ô∏è."
Logitech MX Anywhere 3 For MAC - Bluetooth Mouse,BLISATU,Rp1.149.000,16,4.9,https://www.tokopedia.com/blisatu/logitech-mx-anywhere-3-for-mac-bluetooth-mouse?extParam=src%3Dshop%26whid%3D302990&aff_unique_id=&channel=others&chain_key=,Berfungsi dengan baik!
Logitech M190 Full Size Wireless Mouse - Red,BLISATU,Rp163.000,9,4.5,https://www.tokopedia.com/blisatu/logitech-m190-full-size-wireless-mouse-red?extParam=src%3Dshop%26whid%3D302990&aff_unique_id=&channel=others&chain_key=,ok
"Logitech POP ICON MOUSE, Klik Hening, Easy-Switch Antar Maksimum 3 Perangkat: Laptop, Tablet, PC - Merah Muda",BLISATU,Rp411.300,7,5,https://www.tokopedia.com/blisatu/logitech-pop-icon-mouse-klik-hening-easy-switch-antar-maksimum-3-perangkat-laptop-tablet-pc-merah-muda-dc53b?extParam=src%3Dshop%26whid%3D302990&aff_unique_id=&channel=others&chain_key=,
Logitech Signature M650 Mouse Wireless Bluetooth Silent - Off White,BLISATU,Rp432.000,100+,4.8,https://www.tokopedia.com/blisatu/logitech-signature-m650-mouse-wireless-bluetooth-silent-off-white?extParam=src%3Dshop%26whid%3D302990&aff_unique_id=&channel=others&chain_key=,"untuk harga 400rb kurang, cukup bagus, tapi untuk warna pink ini, mungkin agak hati hati jika tangan suka kotor, karena akan membuat mousenya sedikit dekil, overall good || Pas buat tangan kecil, bisa sleep mode kalau lupa matiin, tombol empuk & silent, tombol bisa di mod fungsinya dengan aplikasi || beneran silent click nya, ukuran ngepas buat telapak tangan kurang dari 19cm,, ga terlalu berat n bisa dipake di kaca"
Mouse Wireless ROBOT M355 Silent Click Receiver USB Bluetooth PC Laptop - Garansi 1 Tahun - Putih,BLISATU,Rp81.000,2,5,https://www.tokopedia.com/blisatu/mouse-wireless-robot-m355-silent-click-receiver-usb-bluetooth-pc-laptop-garansi-1-tahun-putih-22c26?extParam=src%3Dshop%26whid%3D302990&aff_unique_id=&channel=others&chain_key=,Mantap
Robot M102 Mouse Wired Business Office 1200DPI Mouse Kabel USB,BLISATU,Rp31.000,10,5,https://www.tokopedia.com/blisatu/robot-m102-mouse-wired-business-office-1200dpi-mouse-kabel-usb?extParam=src%3Dshop%26whid%3D302990&aff_unique_id=&channel=others&chain_key=,
LOGITECH G604 LIGHTSPEED WIRELESS GAMING MOUSE,BLISATU,Rp1.179.000,5,5,https://www.tokopedia.com/blisatu/logitech-g604-lightspeed-wireless-gaming-mouse?extParam=src%3Dshop%26whid%3D302990&aff_unique_id=&channel=others&chain_key=,mantap
Logitech G102 v2 / G 102 Lightsync Gaming Mouse - Putih,BLISATU,Rp296.500,100+,4.9,https://www.tokopedia.com/blisatu/logitech-g102-v2-g-102-lightsync-gaming-mouse-putih?extParam=src%3Dshop%26whid%3D302990&aff_unique_id=&channel=others&chain_key=,"Overall good, tapi ada penyesuaian dikit. Sayang banget barangnya dipacking dengan kantong biasa + bubble wrapnya kurang rapih, cuma dibalut aja. Sehingga sisi box ada pe... || barang ok, tapi soal pengiriman next day seperti gratis ongkir 3hari dari pembelian || Seller ga jelas dan pengiriman super lamaaaaaaaaaaaaaaaaaaaa Kapok shopping disini"
Mouse Wireless Logitech M170 Original,BLISATU,Rp121.900,4 rb+,4.9,https://www.tokopedia.com/blisatu/mouse-wireless-logitech-m170-original?extParam=src%3Dshop%26whid%3D302990&aff_unique_id=&channel=others&chain_key=,"barang baru, lengkap dan berfungsi dengan baik. packing aman walaupun dus penyok. worth to buy üòâüòâ || Mouse kurang nyaman digenggam, overall oke || Aman‚Ä¶ berfungsi dengan sangat baik‚Ä¶ ini memang asli‚Ä¶ thank you yah hehe"
Logitech LIFT Mouse Ergonomic Vertical Wireless Bluetooth Silent - Putih,BLISATU,Rp868.700,50+,5,https://www.tokopedia.com/blisatu/logitech-lift-mouse-ergonomic-vertical-wireless-bluetooth-silent-putih?extParam=src%3Dshop%26whid%3D302990&aff_unique_id=&channel=others&chain_key=,"mousenya enak banget. saya pake ga perlu penyesuaian dulu, langsung bisa lancar saking enaknya dipake, ngga pegal di tangan. harganya juga paling murah di antara toko lai... || Suka banget sama mousenya, aku pilih warna putih dan seestetik itu ‚ú® sebelumnya aku pakai mouse vertical merk lain, dan ga nyampe setahun udah bermasalah scroll ny, makan... || I used to have the MX Vertical, and it was a tad too big for me. This one's perfect for small hands like mine, very silent clicking sound, and thank you for the fast..."
Logitech G-Pro Hero GAMING MOUSE,BLISATU,Rp567.000,4,5,https://www.tokopedia.com/blisatu/logitech-g-pro-hero-gaming-mouse?extParam=src%3Dshop%26whid%3D302990&aff_unique_id=&channel=others&chain_key=,Produk ok Pengiriman ngeselin krn sistem trackernya tokped error dan percuma minta yg instant same day tp dikirimnya malah besok
Logitech LIFT Mouse Ergonomic Vertical Wireless Bluetooth Silent-ROSE,BLISATU,Rp872.600,4,5,https://www.tokopedia.com/blisatu/logitech-lift-mouse-ergonomic-vertical-wireless-bluetooth-silent-rose?extParam=src%3Dshop%26whid%3D302990&aff_unique_id=&channel=others&chain_key=,Enak di tangan. Agak butuh waktu buat adjust tapi nyaman pada akhirnya.
Logitech G402 Hyperion Fury Ultra Fast Gaming Mouse,BLISATU,Rp729.000,-,-,https://www.tokopedia.com/blisatu/logitech-g402-hyperion-fury-ultra-fast-gaming-mouse?extParam=src%3Dshop%26whid%3D302990&aff_unique_id=&channel=others&chain_key=,
Logitech G703 LIGHTSPEED WIRELESS GAMING MOUSE,BLISATU,Rp1.699.000,3,5,https://www.tokopedia.com/blisatu/logitech-g703-lightspeed-wireless-gaming-mouse?extParam=src%3Dshop%26whid%3D302990&aff_unique_id=&channel=others&chain_key=,
Logitech M171 Mouse Wireless Original - Putih,BLISATU,Rp156.700,250+,4.9,https://www.tokopedia.com/blisatu/logitech-m171-mouse-wireless-original-putih?extParam=src%3Dshop%26whid%3D302990&aff_unique_id=&channel=others&chain_key=,"OK banget, smooth dan ga berisik. Beli kemarin, langsung dikirim dan hari ini sampai. || paketnya tiba sesuai pesanan, packing rapih pakai bubble wrap dan mouse berfungsi sempurna, terima kasih || puas! ukurannya pas dlm genggaman ,thanks seller"
Mouse wired GAMEN Gaming Mouse Macro Wired GM200 RGB Light 7200 DPI,BLISATU,Rp82.000,-,-,https://www.tokopedia.com/blisatu/mouse-wired-gamen-gaming-mouse-macro-wired-gm200-rgb-light-7200-dpi?extParam=src%3Dshop%26whid%3D302990&aff_unique_id=&channel=others&chain_key=,
Logitech G300S Gaming Mouse [ Garansi Resmi ],BLISATU,Rp399.000,60+,5,https://www.tokopedia.com/blisatu/logitech-g300s-gaming-mouse-garansi-resmi?extParam=src%3Dshop%26whid%3D302990&aff_unique_id=&channel=others&chain_key=,Barang bagus dan cepat sampai terimakasih
Logitech Pro X Superlight Wireless Gaming Mouse - Hitam,,Rp2.269.000,8,5,https://www.tokopedia.com/blisatu/logitech-pro-x-superlight-wireless-gaming-mouse-hitam?extParam=src%3Dshop%26whid%3D302990&aff_unique_id=&channel=others&chain_key=,Mantap. Ori
Mouse Wireless ROBOT M207 2.4GHz Optical 1600DPI Original - Garansi 1 Tahun - Merah Muda,BLISATU,Rp55.000,2,5,https://www.tokopedia.com/blisatu/mouse-wireless-robot-m207-2-4ghz-optical-1600dpi-original-garansi-1-tahun-merah-muda-941f1?extParam=src%3Dshop%26whid%3D302990&aff_unique_id=&channel=others&chain_key=,
"MOUSE WIRELESS ROBOT M210 2,4GHZ ORIGINAL - Merah Muda",BLISATU,Rp61.000,30+,5,https://www.tokopedia.com/blisatu/mouse-wireless-robot-m210-2-4ghz-original-merah-muda?extParam=src%3Dshop%26whid%3D302990&aff_unique_id=&channel=others&chain_key=,"Barang sesuai deskripsi, respon cepat dan ramah,pengiriman tepat waktu, packing rapih sehingga paket aman waktu diterima,recommended deh untuk yg mau order, Terima kasih... || bagus..... kualitas melebihi harganya. Yg belum ketahuan adalah keawetan dan umur baterainya. || Mouse berfungsi dengan normal, packing aman. Sip."
Logitech G502 X LIGHTSPEED Mouse Gaming Wireless HERO 25K DPI - Black,BLISATU,Rp1.971.000,1,5,https://www.tokopedia.com/blisatu/logitech-g502-x-lightspeed-mouse-gaming-wireless-hero-25k-dpi-black?extParam=src%3Dshop%26whid%3D302990&aff_unique_id=&channel=others&chain_key=,
Mouse Wireless ROBOT M205 2.4G 1600DPI Receiver USB untuk PC Laptop,BLISATU,Rp159.000,5 barang berhasil terjual,-,https://www.tokopedia.com/blisatu/mouse-wireless-robot-m205-2-4g-1600dpi-receiver-usb-untuk-pc-laptop?extParam=src%3Dshop%26whid%3D302990&aff_unique_id=&channel=others&chain_key=,
Logitech MX Master 3 Wireless Mouse,BLISATU,Rp2.999.999,100+,4.9,https://www.tokopedia.com/blisatu/logitech-mx-master-3-wireless-mouse?extParam=src%3Dshop%26whid%3D302990&aff_unique_id=&channel=others&chain_key=,"Thx pesanan sudah diterima, pengemasan sgt baik dgn bubble wrap yg tebal. Barang asli dan juga bergaransi resmi surya chandra dpt bonus juga kaya tempat kartu nama dari l... || overall barang nya bagus dan original logitech, masih segel dan garansi resmi 1 thn.. thx u seller || Original logitech. Packing aman. Lumayan dikasih bonus :)"
Mouse Wired ROBOT M130 Colorful LED 3 Kecepatan DPI Garansi 1th,BLISATU,Rp42.000,7,4.7,https://www.tokopedia.com/blisatu/mouse-wired-robot-m130-colorful-led-3-kecepatan-dpi-garansi-1th?extParam=src%3Dshop%26whid%3D302990&aff_unique_id=&channel=others&chain_key=,mantap sesuai harga lebih nyaman dipakai
Logitech G502 Hero High Performance Gaming Mouse,BLISATU,Rp1.199.000,21,4.9,https://www.tokopedia.com/blisatu/logitech-g502-hero-high-performance-gaming-mouse?extParam=src%3Dshop%26whid%3D302990&aff_unique_id=&channel=others&chain_key=,"Recommeded Seller Barang Ori, Cepat sampai tujuan Terimakasih BLISATU üëçüëç || Barang bagus, sesuai deskripsi || harga murah, barang mantabbb, pengirimancepattt"
Mouse ROBOT USB 2.4G Wireless & Bluetooth 5.0 Dual Mode ROBOT M360,BLISATU,Rp199.000,3,5,https://www.tokopedia.com/blisatu/mouse-robot-usb-2-4g-wireless-bluetooth-5-0-dual-mode-robot-m360?extParam=src%3Dshop%26whid%3D302990&aff_unique_id=&channel=others&chain_key=,
Mouse Wired ROBOT M120 2.4GHz Optical 1600DPI dengan Receiver USB,BLISATU,Rp159.000,5,5,https://www.tokopedia.com/blisatu/mouse-wired-robot-m120-2-4ghz-optical-1600dpi-dengan-receiver-usb?extParam=src%3Dshop%26whid%3D302990&aff_unique_id=&channel=others&chain_key=,
Logitech M720 Triathlon Multi Device Wireless Mouse,BLISATU,Rp693.200,100+,4.9,https://www.tokopedia.com/blisatu/logitech-m720-triathlon-multi-device-wireless-mouse?extParam=src%3Dshop%26whid%3D302990&aff_unique_id=&channel=others&chain_key=,"Fungsinya sendiri mantap, dibandingkan harus beli MX master ini bisa dibilang mini MX Master series. Total bisa custom 6 tombol tambahan, untuk saya sendiri sudah sangat... || Pengiriman cepat, barang sesuai dengan deskripsi yang tertera. Terimakasih || Barang sudah diterima, packing rapi dan cepat, tp belum di coba semoga aman. thx seller üëç"
Logitech M337 Bluetooth Mouse,BLISATU,Rp449.000,250+,4.9,https://www.tokopedia.com/blisatu/logitech-m337-bluetooth-mouse?extParam=whid%3D302990%26src%3Dshop&aff_unique_id=&channel=others&chain_key=,"Hallo kak aku jual Mouse Logitech M337 Bluetooth mouse harga 100 ribu aja nih, masih baru dan segel, beli kemarin ga kepake sayang udah ada mouse lain, yang minat bisa ce... || Pas mau belanja fast respond banget, tapi setelah melakukan payment admin langsung offline, pesen barang jam 11 do proses jam 3 kurang dikit barang sampe hampir jam seten... || Mouse recommended. Mouse berfungsi dengan baik."
ROBOT Mouse M390 Wireless Mouse Silent Click Garansi 1 Tahun,BLISATU,Rp65.000,1 barang berhasil terjual,-,https://www.tokopedia.com/blisatu/robot-mouse-m390-wireless-mouse-silent-click-garansi-1-tahun?extParam=src%3Dshop%26whid%3D302990&aff_unique_id=&channel=others&chain_key=,
Logitech G705 Wireless Gaming Mouse / G-705,BLISATU,Rp1.434.000,1,5,https://www.tokopedia.com/blisatu/logitech-g705-wireless-gaming-mouse-g-705?extParam=src%3Dshop%26whid%3D302990&aff_unique_id=&channel=others&chain_key=,
Logitech M190 Full Size Wireless Mouse - Blue,BLISATU,Rp163.000,8,5,https://www.tokopedia.com/blisatu/logitech-m190-full-size-wireless-mouse-blue?extParam=src%3Dshop%26whid%3D302990&aff_unique_id=&channel=others&chain_key=,
Logitech Mouse Wireless Logitech M170 Garansi 1 Tahun,BLISATU,Rp121.900,4 rb+,4.9,https://www.tokopedia.com/blisatu/logitech-mouse-wireless-logitech-m170-garansi-1-tahun?extParam=whid%3D302990%26src%3Dshop&aff_unique_id=&channel=others&chain_key=,"Barang sesuai deskripsi dan packaging bagus || terima kasih atas respon, dsb nya good, so semoga awet. barang mendarat, berfungsi || 100% original Logitech, packingnya super aman double bubble wrap, pokonya rekomendasi"
Logitech G603 Lightspeed Wireless Gaming Mouse,BLISATU,Rp1.049.000,6,5,https://www.tokopedia.com/blisatu/logitech-g603-lightspeed-wireless-gaming-mouse?extParam=src%3Dshop%26whid%3D302990&aff_unique_id=&channel=others&chain_key=,
Logitech M240 Mouse Wireless Bluetooth Silent - Hitam,BLISATU,Rp217.600,60+,5,https://www.tokopedia.com/blisatu/logitech-m240-mouse-wireless-bluetooth-silent-hitam-b8da8?extParam=src%3Dshop%26whid%3D302990&aff_unique_id=&channel=others&chain_key=,"Mouse recommended Mouse berfungsi dengan baik || Silent buttons, works well, kecil sedikit :) Well packed, delivery in time"
